,file_name,hash
0,C:/Users/makeda/OneDrive - Netherlands eScience Center/history\015_thomas_mmn36w.hfinf2,cbfba94912bf6dde93cc877ba8a99fa05eef4338c0cb3ab273cacb7c5fc5e343
1,C:/Users/makeda/OneDrive - Netherlands eScience Center/history\030_04_jc_mmn36_wk_1.hfinf2,ab4339ff0db3c30c8511f8e841eacb681c6990a13b26528c89a1c93de85decc6
2,C:/Users/makeda/OneDrive - Netherlands eScience Center/history\031_04_mc_mmn36_wk_1.hfinf2,d56e0b78937b00f133b5eb4d9ec30a96d49003d249ee1d4e70a233b23dd1effe
3,C:/Users/makeda/OneDrive - Netherlands eScience Center/history\034_17_mc_mmn36_wk.hfinf2,6c3eb888f0c3c5d0431e2018f5424d4a12cdd17526355f4e42474376a48c8731
4,C:/Users/makeda/OneDrive - Netherlands eScience Center/history\036_17_mc_mmn36_wk.hfinf2,eebf4eea2aff9f42e27d1f10ec53c1048e5b92d1c7da61c5bab5c9db63ab8e55
5,C:/Users/makeda/OneDrive - Netherlands eScience Center/history\036_29_mc_mmn36_wk.hfinf2,8e4f16e4ce3c115a492e2902ecd4085e3cb1c4b15ca87eb01bf890d24671f84f
6,C:/Users/makeda/OneDrive - Netherlands eScience Center/history\039_04_jc_mnn_wk.hfinf2,fd8561f9f8ec252a5c13e2505fcbd8217e4cb1c3437984e74740a1c9df81053e
7,C:/Users/makeda/OneDrive - Netherlands eScience Center/history\119_17_jr_mmn.hfinf2,3d2815fd41e7255d5b6d682b1a934db611576102f9227da1bece44045be56056
8,C:/Users/makeda/OneDrive - Netherlands eScience Center/history\119_29_jr_mmn36_wk.hfinf2,55ad93d1466961414d4e3246b6215e45e4178040d2ca8fdd8b765db3987ceb53
9,C:/Users/makeda/OneDrive - Netherlands eScience Center/history\133_17_jr_mmn.hfinf2,47b1f99eb24e1c0790c828d73ac1efa1b1f5bfbed62430b802a05529e48a8a6b
10,C:/Users/makeda/OneDrive - Netherlands eScience Center/history\133_29_jr_mmn36_wk.hfinf2,fc3c7ba65aa9b0f5b271a79db852188c9b9e1949e7dfce430b23a81f688f19ca
11,C:/Users/makeda/OneDrive - Netherlands eScience Center/history\142_17_jd_mmn36_wk.hfinf2,4571121c8a89631f0b0bcdb2712d577d44076ebb328f8c8f2ec9853e846e3820
12,C:/Users/makeda/OneDrive - Netherlands eScience Center/history\156_17_jd_mmn36_wk.hfinf2,c7dfd10c398015543c16bb38c35f92608b7666e1394fcc0c5bcab5cb76eea3fc
13,C:/Users/makeda/OneDrive - Netherlands eScience Center/history\158_17_mr_mmn36.hfinf2,431c1351ea416c12717858e1500bb0dd300320cd9790ca474387f19b6f825f8d
14,C:/Users/makeda/OneDrive - Netherlands eScience Center/history\158_29_mr_mmn36_wk.hfinf2,ffa5feda7e21a19fdbe471ae60c5aefc19e0b4f3f744275577bbdcd700580181
15,C:/Users/makeda/OneDrive - Netherlands eScience Center/history\162_17_mr_mmn36_wk.hfinf2,6c5bcce09e2fdef8fa807fd6db9763576098707e13ece53019d53a366931169c
16,C:/Users/makeda/OneDrive - Netherlands eScience Center/history\162_29_mr_mmn36_wk.hfinf2,98bbc3bc424fd7985bf55e46b20cbef1d266d05dce95aa6915efe2ea371e5b33
17,C:/Users/makeda/OneDrive - Netherlands eScience Center/history\164_17_jr_mmn36_wk.hfinf2,f02020ba8118908b697e8afad770bbb61258914a017f9fb5af4c70468e3ccf4a
18,C:/Users/makeda/OneDrive - Netherlands eScience Center/history\164_29_jr_mmn36_wk.hfinf2,3212f407ff41bcd6e6f4a1e0aba881910e48e28361fb661f4a04135bc15f4d9f
19,C:/Users/makeda/OneDrive - Netherlands eScience Center/history\172_17_mr_mmn36.hfinf2,04121c9a73356c48c52ee823605dc38e36e0c4d75a92401a798280d2bf4828ac
20,C:/Users/makeda/OneDrive - Netherlands eScience Center/history\172_29_mr_mmn36_wk.hfinf2,4df29cbf6a6fd2f1c4dfc8850791ab265f8f2bc19c1708cc0c7b687ed58e59d6
21,C:/Users/makeda/OneDrive - Netherlands eScience Center/history\175_17_jd_mmn_wk.hfinf2,534052a30dfa142256384543f0c56df916f52e1150f1d806de5bcf8991564907
22,C:/Users/makeda/OneDrive - Netherlands eScience Center/history\176_17_mr_mmn36.hfinf2,99226afc199e6ab7b7430a8d0cad249a6da5b9aaca391fc40ee998ec4555f539
23,C:/Users/makeda/OneDrive - Netherlands eScience Center/history\176_29_mr_mmn36_wk.hfinf2,3f098a16e858e11163121fc785475ff86569bd44e7cb1f9fdec3e8e382b9fa1d
24,C:/Users/makeda/OneDrive - Netherlands eScience Center/history\177_17_jr_mmn36.hfinf2,81dfeab9999aff31207195c0f819bf8d960f0a948ef70ddbaa4fc8aac559fa39
25,C:/Users/makeda/OneDrive - Netherlands eScience Center/history\177_29_jr_mmn36_wk.hfinf2,b84c9bacef1ddbecf6e7eeff12beed94b553248c406f596ffe31c2d87a70b33b
26,C:/Users/makeda/OneDrive - Netherlands eScience Center/history\178_17_jd_mmn36_wkr.hfinf2,2d49c4a353a6bd89ccecbde279dd1ec2cf7e4d5ff97d5b11c6759000bbf9f1d4
27,C:/Users/makeda/OneDrive - Netherlands eScience Center/history\179_17_mr_mmn36.hfinf2,c442a34c1492c471dc5281512cf8fdcf46e225769d374b5e0c93a54a38c20fab
28,C:/Users/makeda/OneDrive - Netherlands eScience Center/history\179_29_mr_mmn36_wk.hfinf2,5557711d34dfc8dfbf7d51dd5a0ef257724ae8fe288a842190aeec134c007654
29,C:/Users/makeda/OneDrive - Netherlands eScience Center/history\305_17_jc_mmn36_wk.hfinf2,5461dae7aefe197947098fbcd87688786fb5e8a72b6d50aee1b05b3408b82965
30,C:/Users/makeda/OneDrive - Netherlands eScience Center/history\306_17_mc_mmn36_wk.hfinf2,3348666ffd06a158117f47647f158c7a510291db2f512e233e7390a467dbaab1
31,C:/Users/makeda/OneDrive - Netherlands eScience Center/history\307_17_jc_mmn36_wakker.hfinf2,e455ec95398ba95f48affa7dfa981d0a904f42496dcb99c7f404683379c96262
32,C:/Users/makeda/OneDrive - Netherlands eScience Center/history\308_17_jc_mmn36_wk.hfinf2,9111ea689275632e5f23d849081cea6ffa0eb7bed05ff299bc2657441de35042
33,C:/Users/makeda/OneDrive - Netherlands eScience Center/history\309_17_jc_mmn.hfinf2,6876e26716bd89d989561e765b4a165c7bc8cd194efb692e747c4557ffb5859c
34,C:/Users/makeda/OneDrive - Netherlands eScience Center/history\310_17_jc_mmn.hfinf2,442cd8fd389e19384d2db18e55bc7d069657b9ecf148c58fec2968b2217f6486
35,C:/Users/makeda/OneDrive - Netherlands eScience Center/history\313_17_mc_mmn36_wk.hfinf2,7f9270bc06c4fb93c48516e5f82fd9aaa86bfaf1e8e9e961e7dee41c9680be11
36,C:/Users/makeda/OneDrive - Netherlands eScience Center/history\314_17_mc_mmn36_wk.hfinf2,a3e0f5379a2fc0cebfc1ae1c1d5ac70a772f43cb688c03340a9b3f0c709755a4
37,C:/Users/makeda/OneDrive - Netherlands eScience Center/history\320_17_jc_mmn36_wk.hfinf2,753d0875406a0eefc231a455795b88c96dbd92c857ef090584d433429c40f1fa
38,C:/Users/makeda/OneDrive - Netherlands eScience Center/history\333_17_jc_mmn36_wk.hfinf2,4c4f5269e0302970975d1a026c5977cca99fbbaeceb7714d964152343bbbb52e
39,C:/Users/makeda/OneDrive - Netherlands eScience Center/history\333_29_jc_mmn36_wk.hfinf2,744f4932c41a45ce7d4c30c8969a69b04ee2937c457136304632b498cb8c85ea
40,C:/Users/makeda/OneDrive - Netherlands eScience Center/history\336_17_mc_mmn36_wk.hfinf2,d650387929970e96318bc3a7262ada02425ad02f3de44f01ed8d31d36163c1ce
41,C:/Users/makeda/OneDrive - Netherlands eScience Center/history\337_17_jc_mmn36_wk.hfinf2,1f9d9b53d29d221879c804ac1a29addb9875bbcbcc66aa35f11649cb4b8756eb
42,C:/Users/makeda/OneDrive - Netherlands eScience Center/history\340_17_mc_mmn36_wk.hfinf2,c6c9d4883e387934906ea53eb3417749256b4bc24a93d2206bee3f9bd4a44729
43,C:/Users/makeda/OneDrive - Netherlands eScience Center/history\340_29_mc_mmn36_wk.hfinf2,17f640730b86ddaadea507218feb38430a05f071288d8b8696e862c29f2f3371
44,C:/Users/makeda/OneDrive - Netherlands eScience Center/history\343_17_mc_mmm36_wk.hfinf2,f877a8194df29970dc4f2af1902b7328cba7e790519051ae0a4187ad12c29219
45,C:/Users/makeda/OneDrive - Netherlands eScience Center/history\344_17_mmn36_wk.hfinf2,732bafff0e2ada17344b41bd404c1c0311f2a1a6162cdf82ad1245c2d4fb3eac
46,C:/Users/makeda/OneDrive - Netherlands eScience Center/history\344_29_jc_mmn36_wk.hfinf2,bc70ee959efff232a5f69139007ab8ed262110e37e59b82afdd81c5ebed491dd
47,C:/Users/makeda/OneDrive - Netherlands eScience Center/history\345_17_mc_mmn36_wk.hfinf2,51f4b69dae177e8890edd9a924e46764788b8a40009281edb95ca8fa1d34167e
48,C:/Users/makeda/OneDrive - Netherlands eScience Center/history\345_29_mc_mmn36_wk.hfinf2,c81ae203ccb8e3bc2af170435210c20deafea0879c9971c3c3bd926089dd1e2d
49,C:/Users/makeda/OneDrive - Netherlands eScience Center/history\346_17_mc_mmn36_wk.hfinf2,01ad9ee3567847e5c473af466c435065e7314f42c7e65b38cb94d115fe0afb4a
50,C:/Users/makeda/OneDrive - Netherlands eScience Center/history\348_17_jc_mmn36_wk.hfinf2,0153332f94e809905dff22b8a33980e55e4c8e76c1176d098bca53a59ffee895
51,C:/Users/makeda/OneDrive - Netherlands eScience Center/history\348_29_jc_mmn36_wk.hfinf2,070c88d12f2fd0dfd98f4a87cc1cdb155518f5b66fa18ec8cbef4a76f041ab1a
52,C:/Users/makeda/OneDrive - Netherlands eScience Center/history\406_17_md_mmn.hfinf2,981f2e84df6614998cedb95accb8311b050d4e9256c44e35bb37e445f46da43c
53,C:/Users/makeda/OneDrive - Netherlands eScience Center/history\413_17_jd_mmn_2.hfinf2,d602a3e80abf4bf540dee2849af7aaaa383163c2c0a41aff0253dd3d3e085518
54,C:/Users/makeda/OneDrive - Netherlands eScience Center/history\420_17_md_mmn.hfinf2,9fb26faceb42198dcd29381bc787d5f22927d7aef348047ed0e8274ecc0655a1
55,C:/Users/makeda/OneDrive - Netherlands eScience Center/history\424_17_jd_mmn.hfinf2,f36d0828596d801c7b055cbcdf7e7f154cd71f37cc0f80b6f2f35f3fd96678fd
56,C:/Users/makeda/OneDrive - Netherlands eScience Center/history\426_17_jd_mmn36_wakker.hfinf2,e00b03a64e8c6077d11d9e320ae048dd02485c51483ee256b0a7f8d05f607591
57,C:/Users/makeda/OneDrive - Netherlands eScience Center/history\428_17_md_mmn.hfinf2,b564cfc771143794f5af7d4ee5613f57888476f77f9a1e3655281aa83baf7fdb
58,C:/Users/makeda/OneDrive - Netherlands eScience Center/history\433_17_jd_mmn.hfinf2,93983c852c4b49bedb4e81430f5b125245c9b4bd84da5e82bfcf9917ed82f759
59,C:/Users/makeda/OneDrive - Netherlands eScience Center/history\434_17_jd_mmn.hfinf2,f10c7cad31a70ba8577e0c5ec6b8f80d010c7bb8de2b0f265f190de80309c989
60,C:/Users/makeda/OneDrive - Netherlands eScience Center/history\435_17_md_mmn36_wk.hfinf2,c0df3f2c8aac6ec9ed6451c8a19d9a9006752e922ba0ed5340f363d51d30dfe0
61,C:/Users/makeda/OneDrive - Netherlands eScience Center/history\436_17_jd_mmn36_2_wk.hfinf2,0f02ec5975dd65573500e16a50694d2b42df9655612740a2dfc4e31cd34d78db
62,C:/Users/makeda/OneDrive - Netherlands eScience Center/history\436_17_jd_mmn36_wk.hfinf2,73627ecdea7b258dc213521c7c160802d0d93ab8e0958563966f82ac88d09c32
63,C:/Users/makeda/OneDrive - Netherlands eScience Center/history\443_17_jd_mmn36_wk.hfinf2,ed10280cded315c072124bf3d227649e1ced8b8838255cee9025997f068070a0
64,C:/Users/makeda/OneDrive - Netherlands eScience Center/history\454_17_md_mmn36_wk.hfinf2,7a0ad9850cc5c72849aa3d3eace189e03f30f1bba916be628f2db4ebbce4f525
65,C:/Users/makeda/OneDrive - Netherlands eScience Center/history\455_17_jd_mmn36_wk.hfinf2,658ed1333da8db2e8550aadf322e1d6647a04c8755894501d1b747fc46a7a100
66,C:/Users/makeda/OneDrive - Netherlands eScience Center/history\457_17_jd_mmn36_wk.hfinf2,c7f9a792edd3737bcc1879a590fdd18463d1d7d800ba4892fb475694d69e6d4f
67,C:/Users/makeda/OneDrive - Netherlands eScience Center/history\457_29_jd_mmn36_wk.hfinf2,7b938771fd58c56c90f28690d1ba002f0812fa5aaafb857007b7fe21d104eda4
68,C:/Users/makeda/OneDrive - Netherlands eScience Center/history\465_17_jd_mmn_36_wk.hfinf2,802bd26837cf2e4b287dedc5bedc0bd199d397de66677eeab970b44372b188f2
69,C:/Users/makeda/OneDrive - Netherlands eScience Center/history\465_29_jd_mmn36_wk.hfinf2,e3110daade5dc87f3a8aef40823633db37a40a95edad6214c5b0785e79590ed4
70,C:/Users/makeda/OneDrive - Netherlands eScience Center/history\466_17_md_mmn36_wk.hfinf2,0d6bfb60b46e13f01cd231a086bbfda9f9da91b4644ffb0772021133b8b70ae3
71,C:/Users/makeda/OneDrive - Netherlands eScience Center/history\466_29_md_mmn36_wk.hfinf2,dab9109762492bc7d4ba82a17b626378554f4db5672b93717aa44b21886ab86e
72,C:/Users/makeda/OneDrive - Netherlands eScience Center/history\468_27_jd_mmn36_wk.hfinf2,e832c4751689668c49ecd6fda714c6ed307168c6f6c8840af0b6cb7172eb0c42
73,C:/Users/makeda/OneDrive - Netherlands eScience Center/history\471_17_md_mmn36_wk.hfinf2,4b2902dd9b46fa5ba6cbb7f0cad03d0a15cee3233aad549c4e10f7a3075c7724
74,C:/Users/makeda/OneDrive - Netherlands eScience Center/history\471_29_md_mmn36_wk.hfinf2,f7df4b522f22131f498aefebbee2b94f7c6d6a260ee0d809557b48a0ac4e1737
75,C:/Users/makeda/OneDrive - Netherlands eScience Center/history\472_17_jd_mmn36_wk.hfinf2,4c13b41a8e6f56dbeeaa5372d6e4334d542d3df5f30b64024caefba9dec71b03
76,C:/Users/makeda/OneDrive - Netherlands eScience Center/history\473_17_md_mmn36_Wk.hfinf2,9d58dd207b0b22e84c1cfcac60a99f7c17117d777f466f7dad2a90968f94498e
77,C:/Users/makeda/OneDrive - Netherlands eScience Center/history\473_29_md_mmn36_wk.hfinf2,a8daa2207e246366a22355d5e55cddf51afd72c15972b2d5a17b689d1fc36a66
78,C:/Users/makeda/OneDrive - Netherlands eScience Center/history\475_17_jd_mmn36_wk.hfinf2,c7e697745f84f0dca5e59f2e44eb9204e63fb7df82a3f8c4d37a9d3f8b41d78b
79,C:/Users/makeda/OneDrive - Netherlands eScience Center/history\478_17_jd_mmn_36_wk.hfinf2,616750deb7b4c7f172c666a015013fe33a2fcd33b8d9cf3a3530bcf00a7dc8e3
80,C:/Users/makeda/OneDrive - Netherlands eScience Center/history\482_17_md_mmn36_wk.hfinf2,989c8eae12b49e956dc64f7fcf0004de64861e76310525ab290dbdd67359fc1d
81,C:/Users/makeda/OneDrive - Netherlands eScience Center/history\483_17_jd_mmn36_wk.hfinf2,d1b1149371ea716d534e5c6f93822e09849fd9b2a128b709150b7240f8e39881
82,C:/Users/makeda/OneDrive - Netherlands eScience Center/history\487_17_md_mmn_36_wk.hfinf2,cf6564f35a435987dfa4b7021ef1b9e2b7b0513c0108879b03d6092363aaabf3
83,C:/Users/makeda/OneDrive - Netherlands eScience Center/history\488_17_jd_mmn36_wk.hfinf2,0099770330de6f136acdf7f6f8e7c5c3f83c7c9f36ef229bd2e6b6de4f425fca
84,C:/Users/makeda/OneDrive - Netherlands eScience Center/history\489_17_md_mmn36_wk.hfinf2,156e2689e5ab8d3954d81673c612e47d0f1bff9498c7827503861d1e5d717532
85,C:/Users/makeda/OneDrive - Netherlands eScience Center/history\489_29_md_mmn36_wk.hfinf2,168a0636888aad0129d68c0c48fb802b84a119bd67c6da161d78e36bfdbbfd3c
86,C:/Users/makeda/OneDrive - Netherlands eScience Center/history\491_17_jd_mmn36_wk.hfinf2,bac6b5c96641f8cf4f8088559da4979f4e6507a7062e45ab45a4d5bc8ecb9b4a
87,C:/Users/makeda/OneDrive - Netherlands eScience Center/history\494_17_jd_mmn36_wk.hfinf2,5e209f90b205894fe8226a4c693454a99a911f95bc1ec9e35ecd499019d5e8f5
88,C:/Users/makeda/OneDrive - Netherlands eScience Center/history\497_17_jd_mmn36_wk.hfinf2,0b064d71e7c24c9898d62c4a2ffb47b982aff4f1dbaad84e436110ff610f79a8
89,C:/Users/makeda/OneDrive - Netherlands eScience Center/history\602-115-17m-mc-mmn.hfinf2,224994c95f7e94473929905fdaf0aec6deb3b507668eeff68185aff2b42fe347
90,C:/Users/makeda/OneDrive - Netherlands eScience Center/history\602-115-29m-mc-mmn36.hfinf2,3eef9bfa83ee6a6217d3992d121276e8c39c38a9b287a7a7401eba16f1e3e122
91,C:/Users/makeda/OneDrive - Netherlands eScience Center/history\604-133-17m-jc-mmn36.hfinf2,d01602a1582a9781a8421e6b03406f3f6e8f7b1d2ce7b0525c371787660bda6b
92,C:/Users/makeda/OneDrive - Netherlands eScience Center/history\604-133-29m-jc-mmn36.hfinf2,f77476d0d9e796b04e9f59b468eb18e232e3fd66719a855bf5be8e0a1724d3dc
93,C:/Users/makeda/OneDrive - Netherlands eScience Center/history\605-131-17m-jc-mmn.hfinf2,13e7177b3c6594e104985b996cfd63223c563628080f6588ca1941a7a80d35b2
94,C:/Users/makeda/OneDrive - Netherlands eScience Center/history\605-131-29m-jc-mmn36.hfinf2,e991f433b74cc7bbc654ffec24e2085745e0fbf0519d66f1201c17027009c102
95,C:/Users/makeda/OneDrive - Netherlands eScience Center/history\607-000-17m-jc-mmn1_36.hfinf2,9d6e80b7b450c80fbe89c328c89c4a15501f80f0e20ca913fba2ebad7593c9d8
96,C:/Users/makeda/OneDrive - Netherlands eScience Center/history\607-128-29m-jc-mmn36.hfinf2,673fdc6374a5911e0107c82aa19c542e879cd51c508decf757515d6432f8218f
97,C:/Users/makeda/OneDrive - Netherlands eScience Center/history\608-170-17m-mc-mmn36_2.hfinf2,c235972aa442b5aba21be834d0b8b83774d1817accc18a809ecc813c15b9e4b3
98,C:/Users/makeda/OneDrive - Netherlands eScience Center/history\608-170-29m-mc-mmn36.hfinf2,3d76d3df730f879105953943f29e8966a9d2a23b16d3d1cd26341bbc57db56f9
99,C:/Users/makeda/OneDrive - Netherlands eScience Center/history\609-158-17m-jc-mmn36.hfinf2,a64bc99a2b6511c71ec444754725e19d9e951b9d9fcf197229b3a76cb9afab30
100,C:/Users/makeda/OneDrive - Netherlands eScience Center/history\609-158-29m-jc-mmn36.hfinf2,3908d8346317cc5411731452875232f15626cf0fd009e923c4d1b02e92636a5e
101,C:/Users/makeda/OneDrive - Netherlands eScience Center/history\610-185-29m-jc-mmn36-2-waak.hfinf2,59c73804021cb927a28c1ffd417498c8d859f55b35dd7cb843d084a42c560bfc
102,C:/Users/makeda/OneDrive - Netherlands eScience Center/history\610_185_17m_jc_mmn36.hfinf2,711f1371b81172e0589afea7b29e8b3cca9d3b1e7b81c7a93f9acf801032103b
103,C:/Users/makeda/OneDrive - Netherlands eScience Center/history\611_157_17m_mc_mmn36.hfinf2,203ea1365c9450f6b7915a7f3a67616fa7e0c9b4d04d3caf1d456ccd3ec9182b
104,C:/Users/makeda/OneDrive - Netherlands eScience Center/history\613-176-17m-mc-mmn36.hfinf2,c4b2fd6c44590a3c1bdca2fe1a558ad0f3969e9cad854627e5fe108b1722ea12
105,C:/Users/makeda/OneDrive - Netherlands eScience Center/history\613-176-29m-mc-mmn36.hfinf2,6a3ad7509bef4744fbd44349c356cd3cc5a757eac7635ecc9bd7b6702ae97a39
106,C:/Users/makeda/OneDrive - Netherlands eScience Center/history\618-163-17m-j-c-mmn36.hfinf2,bb9d78b91269e69b90ed0e12ad96680d76446c7a7047b6d6a578189f34d7e6cd
107,C:/Users/makeda/OneDrive - Netherlands eScience Center/history\618-163-29m-jc-mmn36.hfinf2,8679b6949953a6e7718c3200b79ad136fea156cb61eb8287ed0764aeb54d5262
108,C:/Users/makeda/OneDrive - Netherlands eScience Center/history\619-247-17m-mc-mmn36.hfinf2,e7bc07ed031ffd4b603a7e6ce7c871f5c5f071d4e752cae7c23e3169c7059733
109,C:/Users/makeda/OneDrive - Netherlands eScience Center/history\620_313_17m_jc_mmn36_waak.hfinf2,6f32f546834779685fa4ba638bac5443db998aadfeb89c6323b660bb6cc7410d
110,C:/Users/makeda/OneDrive - Netherlands eScience Center/history\622-189-17m-jc-mmn36-2.hfinf2,12ba036569a1f5448adefb09db1fdf1b5771b0c20e7b8f61fb0d31066f51945e
111,C:/Users/makeda/OneDrive - Netherlands eScience Center/history\622-189-29m-jc-mmn36.hfinf2,ba8137b0c18bc3d1f5453ba87b2fe950cbfa2407bb61e5198af7c40266b8cab8
112,C:/Users/makeda/OneDrive - Netherlands eScience Center/history\623-321-29m-mc-mmn36.hfinf2,e1de1292ed10600dc08d31e2ea9f1375dc5217c0f383341d9ac61d32e443c7e2
113,C:/Users/makeda/OneDrive - Netherlands eScience Center/history\623_321_17m_mc_mmn36_waak.hfinf2,2b6231a3f256e6693e340b3a96afc0139d2d8ba2db064ded87cb9b040e4f1f8c
114,C:/Users/makeda/OneDrive - Netherlands eScience Center/history\624-373-17m-mc-mmn36-waak.hfinf2,77d962d8f18b869ffd8c60aac9b56ac79ab2e42eaea41a38123b0c1dfd8f74e2
115,C:/Users/makeda/OneDrive - Netherlands eScience Center/history\625-253-17m-jc-mmn36.hfinf2,f351208068af561d0caaad5c98f7f3248e1cdb2d028227fea3c10d7f9af28ac3
116,C:/Users/makeda/OneDrive - Netherlands eScience Center/history\625-253-29m-jc-mmn36.hfinf2,b8fe024bfcc1666c0ffb45366f6f438751795de83191c24241e17df43b313826
117,C:/Users/makeda/OneDrive - Netherlands eScience Center/history\626-377-17m-jc-mmn36-waak.hfinf2,0c0ea246b7964286b5519b4556f98c8e9a2f252f9792596d06fba50a4009a23a
118,C:/Users/makeda/OneDrive - Netherlands eScience Center/history\627-356-17m-mc-mmn36-waak.hfinf2,d7a6717a0b246b44a1f1e84429e89ddbf4295aebf99df6646801af6b996c4cd9
119,C:/Users/makeda/OneDrive - Netherlands eScience Center/history\628-369-17m-mc-mmn36.hfinf2,f7ffb9a073ac6792546ee0043863acf1eff2a40610f51b5ccee97e1fd44c81f2
120,C:/Users/makeda/OneDrive - Netherlands eScience Center/history\628-369-29m-mc-mmn36.hfinf2,094656263615fd93f78e11b85b9c6177919a269a4f6d224cb63ff0fecb537f60
121,C:/Users/makeda/OneDrive - Netherlands eScience Center/history\629-357-29m-jc-mmn36.hfinf2,bdf7824a27757f16e954a24c59f61c7ec81d5d4d3528ae35358d5b1b8d347f10
122,C:/Users/makeda/OneDrive - Netherlands eScience Center/history\629-357-jc-17m-mmn36.hfinf2,1b78c4b452a6ecba963985483887d496333c097ab9402d0edae69f5b33cfc7e3
123,C:/Users/makeda/OneDrive - Netherlands eScience Center/history\630-372-17m-jc-mmn36-waak.hfinf2,ab74db1d28f8ad566b777237db86206da811829caa4ed4f87c221ea0544a707e
124,C:/Users/makeda/OneDrive - Netherlands eScience Center/history\630-372-29m-jc-mmn36.hfinf2,3b9219e7fbd5163a27184ab6b9fa53b704ab4d410d5777e39b217d076574b953
125,C:/Users/makeda/OneDrive - Netherlands eScience Center/history\632-399-17m-jc-mmn36-waak.hfinf2,4a99e2d5bf8cf7edff38fb896a78b48521d9c5b3bf4cbc89ba200d0207b26095
126,C:/Users/makeda/OneDrive - Netherlands eScience Center/history\632-399-29m-jc-mmn36-2.hfinf2,36ec122ea010e4f44226e4d25a7bad89c57d1326817f425442a66becfd66fcf8
127,C:/Users/makeda/OneDrive - Netherlands eScience Center/history\633-403-17m-jc-mmn36.hfinf2,ff22391bdfc600f0fb9075e07724fd53651b419b058dde0bd804e9fdfeb5667e
128,C:/Users/makeda/OneDrive - Netherlands eScience Center/history\633-403-29m-jc-mmn36.hfinf2,a878ca42d97330efbb94359e7d8976984b78965ed341631b7b98f465e149a7e5
129,C:/Users/makeda/OneDrive - Netherlands eScience Center/history\635-364-17m-mc-mmn36.hfinf2,4fe0382ce988c570b170434ffc4e085783adbed14557266db68b9a193d2f5625
130,C:/Users/makeda/OneDrive - Netherlands eScience Center/history\635-364-29m-mc-mmn36.hfinf2,cc82bc14692bb4a2420437838d0dd9ab4d81f0976e1e4ddc4ca38731950bf454
131,C:/Users/makeda/OneDrive - Netherlands eScience Center/history\636-468-17m-jc-mmn36.hfinf2,f44de7fbcff43031d3fb188715a2e9cf4405fd50853f960a20f96b6f5b416ea4
132,C:/Users/makeda/OneDrive - Netherlands eScience Center/history\637-479-17m-mc-mmn36-2.hfinf2,1a9f395bdc5546b1b3d9492230dd7086392450ddcb21cf1a81a12eb7c871c508
133,C:/Users/makeda/OneDrive - Netherlands eScience Center/history\637-479-17m-mc-mmn36.hfinf2,2e409c2c6bc1c10e582311be7d95c488779ecb86ea91bd3635d79747625f8e8d
134,C:/Users/makeda/OneDrive - Netherlands eScience Center/history\639-484-17m-jc-mmn36.hfinf2,2ad7b9e0e00560c31aa50b83c5b27928f140b4056d9d973ae3e75b439d049845
135,C:/Users/makeda/OneDrive - Netherlands eScience Center/history\639-484-29m-jc-mmn36.hfinf2,a3af0b099974e5d7e1bb91ffc756f28e26d0aca6b7dedbfa43af6747111d3aeb
136,C:/Users/makeda/OneDrive - Netherlands eScience Center/history\640-464-17m-jc-mmn36-2.hfinf2,8b04625b44292edec52bfb21ef93c178aaa40d44589d73450f57add91cfd45a8
137,C:/Users/makeda/OneDrive - Netherlands eScience Center/history\640-464-17m-jc-mmn36.hfinf2,e75b4170aaa26718e059af5880d6a3f767b6cd35fca18a7f7ef3f70138ffcc4d
138,C:/Users/makeda/OneDrive - Netherlands eScience Center/history\640-464-29m-jc-mmn36.hfinf2,2396040a0144b70db9afc969692879cf7ea2508b6e4862d6dc25f7decf18be50
139,C:/Users/makeda/OneDrive - Netherlands eScience Center/history\642-485-17m-jc-mmn36.hfinf2,8dfba94cb65c51fb8c6ec78ae13952ecae379608c84411bd7854d774017d5e7c
140,C:/Users/makeda/OneDrive - Netherlands eScience Center/history\642-485-29m-jc-mmn36.hfinf2,b462775eb1abdaad742757e888e6d05ef4ea6cb63593cebd7f048c6ecbcc1ae7
141,C:/Users/makeda/OneDrive - Netherlands eScience Center/history\646-478-17m-mc-mmn36.hfinf2,7d7932b6c527cfef4bf3234b210f7c1840ba0a4237d25864b888ba209dff3f47
142,C:/Users/makeda/OneDrive - Netherlands eScience Center/history\646-478-29m-mc-mmn36.hfinf2,9ceccbd810e34abc5457833c8909f6a93a4312878938f8c1963efdd85499de1c
143,C:/Users/makeda/OneDrive - Netherlands eScience Center/history\707-060-17m-jd-mmn.hfinf2,0b0f02d2b72651a57feea361d04b9a422761eaed6933791caabe9f8529f2a238
144,C:/Users/makeda/OneDrive - Netherlands eScience Center/history\707-060-17m-jr-mmn.hfinf2,62f37960dd70dba8e8fb3b56e83fedfced98783c5b1bb3a665d90bc2d9d1b193
145,C:/Users/makeda/OneDrive - Netherlands eScience Center/history\707-060-29m-jr-mmn36-waak.hfinf2,e1f57e09231e3d955681adb5f7060a9ed0fc52298116031bfb496c1cc16c2064
146,C:/Users/makeda/OneDrive - Netherlands eScience Center/history\719-079-29m-jr-mmn36.hfinf2,06b03e14d063ee299d0c82d74891a348c308a26da8204dbdd973dc6afa35ead5
147,C:/Users/makeda/OneDrive - Netherlands eScience Center/history\719-079-jr-17m-mmn36.hfinf2,f08140c972916e2b69cbe0e87eb3e9a1cdc14e06bbccd707e36cbec1e7ab73a9
148,C:/Users/makeda/OneDrive - Netherlands eScience Center/history\720-166-17m-jr-mmn.hfinf2,b0584c0c6c1affc0de0e9351b697af31cddce97dd625bd0d60b3fcd7a01312a2
149,C:/Users/makeda/OneDrive - Netherlands eScience Center/history\720-166-17m-jr-mmn2.hfinf2,ca6b43d8cb3ba4846100eaaf92a664f0b85fcad3be1e66ce9b83d273fc2caffb
150,C:/Users/makeda/OneDrive - Netherlands eScience Center/history\724-116-17m-jr-mmn36.hfinf2,a87353a29eee0a410ef5413f212230a0c952d60374114c396ce1eec878a0cca9
151,C:/Users/makeda/OneDrive - Netherlands eScience Center/history\724-116-29m-jr-mmn36.hfinf2,bc549743314eaa7afb0ca0e892b7a574e25506582059060e3fcb6060fb5be603
152,C:/Users/makeda/OneDrive - Netherlands eScience Center/history\725-161-29m-jr-mmn36.hfinf2,b2b5ccfc53436bcc1ef6281e2b65f088280bf497cd058053e8372dcb373aa641
153,C:/Users/makeda/OneDrive - Netherlands eScience Center/history\725_161_17m_jr_mmn36.hfinf2,850a588e29bf2b13f5214f7c0abac9d491476af471baae0150ada4bb756d6972
154,C:/Users/makeda/OneDrive - Netherlands eScience Center/history\725_161_17m_jr_mmn36_2.hfinf2,843b2d95ecb864e059b3afa8ece3b824b2d8865636b4cdb185e41e8c5f69831f
155,C:/Users/makeda/OneDrive - Netherlands eScience Center/history\726-126-29m-jr-mmn36.hfinf2,fe58bca6ea57adecaa3bc64cf8c0734821602c1370f7899b928ae84c60324627
156,C:/Users/makeda/OneDrive - Netherlands eScience Center/history\726_126_17m-jr_mmn36.hfinf2,ce800c74b0aee8b4a20df275f25907ae0fbcb946734235b67c72f90b5cfac7ea
157,C:/Users/makeda/OneDrive - Netherlands eScience Center/history\726_126_17m-jr_mmn36b.hfinf2,a777c661ba39236b6b11f0f2400f49edb340c99b642a589878d3078f3105e24b
158,C:/Users/makeda/OneDrive - Netherlands eScience Center/history\730-201-17m-jr-mmn.hfinf2,d4847d8c1bcdc1a988f6c547ed701283858a6c08e04ac1d87afd3b8319cab5f1
159,C:/Users/makeda/OneDrive - Netherlands eScience Center/history\730-201-29m-jr-mmn36.hfinf2,1a286fc459eefc1bf127a8ed844bccea8c82fc3946e67ab8706df46951c53769
160,C:/Users/makeda/OneDrive - Netherlands eScience Center/history\731-197-17m-jr-mmn.hfinf2,1d29d0745c699ca81c1568ceb775eb3a335bf6159ae0769c7386dc0b4f3adad0
161,C:/Users/makeda/OneDrive - Netherlands eScience Center/history\731-197-17m-jr-mmn2.hfinf2,36076fdd9f9dbc90041a552e117ef91308aba72de57a78649c3936fcd158ee34
162,C:/Users/makeda/OneDrive - Netherlands eScience Center/history\734-230-29m-mr-mmn36.hfinf2,81faf3e1b1145e4887df4b4bfb5c472459124e56194971d4deec06e7d15a5d7b
163,C:/Users/makeda/OneDrive - Netherlands eScience Center/history\734_230_17m_mr_mmn36.hfinf2,f0f425b1e72b7756021c47b628d8e555f8148291ff9be7c25a31aba3f99b1da9
164,C:/Users/makeda/OneDrive - Netherlands eScience Center/history\735-125-17m-mr-mmn36.hfinf2,bd514f27ff8fa7fd00a3f30907eb2034dcfdf1d0fca3ee225eb402fefd76c95f
165,C:/Users/makeda/OneDrive - Netherlands eScience Center/history\735-125-29m-mr-mmn36.hfinf2,301da0cec040cd464ca4375ff31f2a0478c7983e4afff156eea521eb43d27c5b
166,C:/Users/makeda/OneDrive - Netherlands eScience Center/history\739-368-17m-mr-mmn36-2.hfinf2,4b70260816efc787ab4970f548f1f3dae430b211dbaf3d2db7cf703ab4462e57
167,C:/Users/makeda/OneDrive - Netherlands eScience Center/history\739-368-17m-mr-mmn36.hfinf2,dd50d53515c9e1ed93a92864a8b1213b24471c45783b9302116c0558cffe8647
168,C:/Users/makeda/OneDrive - Netherlands eScience Center/history\739-368-29m-mr-mmn36.hfinf2,629dba2b72f6d0036479fa4310200b557ec692ef567aef921de302ee6cab36d0
169,C:/Users/makeda/OneDrive - Netherlands eScience Center/history\740-396-17m-jr-mmn36-waak.hfinf2,cc5c46580df8d899be435c94f554f2726e31f175a8a639b722c75dd1d45a0149
170,C:/Users/makeda/OneDrive - Netherlands eScience Center/history\740-396-29m-jr-mmn36.hfinf2,0ebd7c0252b320256126069480f24c14283408a7c5f9377872ddd180807df76b
171,C:/Users/makeda/OneDrive - Netherlands eScience Center/history\742-421-17m-mr-mmn36.hfinf2,6920fe49900110b2e8660844f855deff84b78d511fe9a6f1e849fb5dcb0295ce
172,C:/Users/makeda/OneDrive - Netherlands eScience Center/history\742-421-29m-mr-mmn36.hfinf2,6eeed876b9dc65317b83e0e431c9d94ead6b9bdba8d02618bb139e35c8a14aeb
173,C:/Users/makeda/OneDrive - Netherlands eScience Center/history\743-475-17m-jr-mmn36.hfinf2,be5d7b641912e61b501fc67b3604282a6ba96f759dbb1b04b5797c8c9e880ddf
174,C:/Users/makeda/OneDrive - Netherlands eScience Center/history\745-166-29m-mr-mmn36.hfinf2,2548b1f40e99bdded902365c8803bf3981249fa598be6b0f6c9769a94b7258ec
175,C:/Users/makeda/OneDrive - Netherlands eScience Center/history\745-466-17m-mr-mmn36.hfinf2,50580089c7c3006f58a01c1ec73881fcf61780b719a83a2cfbdbe0599e6dd57b
176,C:/Users/makeda/OneDrive - Netherlands eScience Center/history\746-438-17m-jr-mmn36.hfinf2,f3784f915a91b0ef45159ba3986c378a73f9603bc1099e24766527fd7560122d
177,C:/Users/makeda/OneDrive - Netherlands eScience Center/history\746-438-29m-jr-mmn36.hfinf2,55c35b7f43043bb67cf039726ad7d57c00764ebc2e31afe429bb5adf8c4b9f56
178,C:/Users/makeda/OneDrive - Netherlands eScience Center/history\747-410-17m-mr-mmn36.hfinf2,65c4157fb212c42984b96b9ae5750443908e8674d02e6ec2c8ae95180fc4cb2b
179,C:/Users/makeda/OneDrive - Netherlands eScience Center/history\747-410-29m-mr-mmn36.hfinf2,af3a133f8ff64c2b6d8cf8ff874a02796d357c56b5af13893e50f81527405451
180,C:/Users/makeda/OneDrive - Netherlands eScience Center/history\748-402-17m-mr-mmn36.hfinf2,cbb5ad2929903b230d05c8498f9941cc832cd993c250ffffa83c4f2bd9dfd7bb
181,C:/Users/makeda/OneDrive - Netherlands eScience Center/history\748-402-29m-mr-mmn36.hfinf2,066761c369743570ad74caac15f3ba90ec318bf624bdf81b6cc7ee436f7dd6ca
182,C:/Users/makeda/OneDrive - Netherlands eScience Center/history\749-032-29m-jr-mmn36.hfinf2,576d075bf0af90792fce38b56d057b54e49be11d24c76dd1d0d9bcba4b8a3965
183,C:/Users/makeda/OneDrive - Netherlands eScience Center/history\749-461-17m-jr-mmn36.hfinf2,3e085045ae4c27f012d568522ffcb39dc38955ee3a6d53a96d096fe56438929d
184,C:/Users/makeda/OneDrive - Netherlands eScience Center/history\751-452-29m-jr-mmn36.hfinf2,8412de65878a5b67a38b6084fa105b9e4a7aabeb76029d32e638df300a2b49e6
185,C:/Users/makeda/OneDrive - Netherlands eScience Center/history\751-542-17m-jr-mmn36.hfinf2,9230e1ee368d361fccd89ab165ad6de936d1e37b4098c4c3f0176e4e656d526d
186,C:/Users/makeda/OneDrive - Netherlands eScience Center/history\752-457-17m-jr-mmn36.hfinf2,1df6547ba7a650ac7fd629d406473d4e21fdacf4e6cdc52572331f68ed749b70
187,C:/Users/makeda/OneDrive - Netherlands eScience Center/history\753-470-17m-mr-mmn36.hfinf2,8056ebd24e7147e4feee24942380063cb21802e4de74bbc2c845039177660c62
188,C:/Users/makeda/OneDrive - Netherlands eScience Center/history\753-470-29m-mr-mmn36.hfinf2,a52ee3a0522fe5e3532036fc4c1b988c5d18214f578683f387f323d8fa36c751
189,C:/Users/makeda/OneDrive - Netherlands eScience Center/history\754-472-17m-jr-mmn36.hfinf2,0962dccd21527f98d3b7f31c6fd520da954f68c762fe1b7e837bc72d027451d2
190,C:/Users/makeda/OneDrive - Netherlands eScience Center/history\755-471-17m-mr-mmn36.hfinf2,c3a4d81d1db9711d8f4aaf6607f209f999e251c1b74138cd63ce7fa8ab3eca15
191,C:/Users/makeda/OneDrive - Netherlands eScience Center/history\755-471-29m-mr-mmn.hfinf2,59dbaf3a762c839d224a28cb7bc94653ed3f4973c0bc86de446e8036a8fe0a5a
192,C:/Users/makeda/OneDrive - Netherlands eScience Center/history\757-487-17m-jr-mmn36.hfinf2,e9f10ced708d9e7937e30d37a3dfe49264460cc28550c6bc50c8a17a5a37678d
193,C:/Users/makeda/OneDrive - Netherlands eScience Center/history\758-465-17m-mr-mmn36.hfinf2,a6976b7cc8ce67e4c98dbcc7b31c263c0422261540ce97a441489bdebeaf6028
194,C:/Users/makeda/OneDrive - Netherlands eScience Center/history\758-465-29m-mr-mmn36.hfinf2,e0e371d3175066f2ee917dfb7df24157cac3271dd3ea46583e72fd98a77d425e
